{
  "project_info": {
    "project_number": "244880073592",
    "firebase_url": "https://sharepad-68ef0.firebaseio.com",
    "project_id": "sharepad-68ef0",
    "storage_bucket": "sharepad-68ef0.appspot.com"
  },
  "client": [
    {
      "client_info": {
        "mobilesdk_app_id": "1:244880073592:android:df05b55d031a221ce01e8d",
        "android_client_info": {
          "package_name": "com.example.sharepad"
        }
      },
      "oauth_client": [
        {
          "client_id": "244880073592-brdhhseqgiedir7ibc2ivqaqkppmmnbj.apps.googleusercontent.com",
          "client_type": 1,
          "android_info": {
            "package_name": "com.example.sharepad",
            "certificate_hash": "f4540b072c63cbfc2323e5e9a2e18a90de5a170e"
          }
        },
        {
          "client_id": "244880073592-ost67q35b957niktvic0qf9fuh7ltm5b.apps.googleusercontent.com",
          "client_type": 3
        }
      ],
      "api_key": [
        {
          "current_key": "AIzaSyCBuzlgiNeTp8Z_H6CSuQfbfjTffBIIt8g"
        }
      ],
      "services": {
        "appinvite_service": {
          "other_platform_oauth_client": [
            {
              "client_id": "244880073592-ost67q35b957niktvic0qf9fuh7ltm5b.apps.googleusercontent.com",
              "client_type": 3
            }
          ]
        }
      }
    }
  ],
  "configuration_version": "1"
}